"census","genus","species","sp","ninit","ndead","mean.timint","mortality.rates.yr.1","ci.lo","ci.hi"
"census 2008 and 2013","All","All",NA,8542,820,4.70570652143429,2.12183337525504,1.98031663623671,2.27052380817654
"census 2008 and 2013","Acer","All",NA,196,15,4.69697858609563,1.6807960952531,0.941630704873031,2.75762159191159
"census 2008 and 2013","Ailanthus","All",NA,4,0,4.43805612594114,0,0,18.7629004757051
"census 2008 and 2013","Amelanchier","All",NA,22,5,4.72416153319644,5.31141125688308,1.70900039207125,12.0128175001358
"census 2008 and 2013","Asimina","All",NA,4,1,4.75222450376454,5.87403962006499,0.133100588725943,29.1743727211657
"census 2008 and 2013","Carpinus","All",NA,229,31,4.5961460864575,3.1151630243898,2.12175015157455,4.39449642862017
"census 2008 and 2013","Carya","All",NA,1926,87,4.71776752860635,0.974987923531767,0.781464811549559,1.20129889618993
"census 2008 and 2013","Castanea","All",NA,1,0,4.69267624914442,0,0,54.4378516479813
"census 2008 and 2013","Celtis","All",NA,45,7,4.63153091489847,3.58472044267382,1.43856894566051,7.25683109812594
"census 2008 and 2013","Cercis","All",NA,136,36,4.70894230382091,6.32117779651104,4.44623016853105,8.65779934349828
"census 2008 and 2013","Cornus","All",NA,30,12,4.66657540497376,10.3686262974062,5.35640340010088,17.5635868012535
"census 2008 and 2013","Diospyros","All",NA,3,1,4.73739447866758,8.20278337985715,0.1779830010747,39.2519125380025
"census 2008 and 2013","Fagus","All",NA,279,2,4.62780194250023,0.15533695243094,0.0187910375985645,0.559997267236934
"census 2008 and 2013","Fraxinus","All",NA,500,44,4.66403832991102,1.95563582020348,1.42317353944789,2.61687486701595
"census 2008 and 2013","Hamamelis","All",NA,7,2,4.56712623447736,7.10242443350142,0.815175566309534,23.7171901895814
"census 2008 and 2013","Juglans","All",NA,132,9,4.65021882065003,1.50711352788524,0.689207059293828,2.84224660822697
"census 2008 and 2013","Lindera","All",NA,1,1,4.42984257357974,100,0.569898274488867,100
"census 2008 and 2013","Liriodendron","All",NA,2276,76,4.72102792102576,0.716799186508033,0.565054879854909,0.896382363147818
"census 2008 and 2013","Nyssa","All",NA,503,20,4.74276857676664,0.851832851016143,0.520645688942489,1.31258988860068
"census 2008 and 2013","Paulownia","All",NA,3,1,4.61875427789186,8.40437531848914,0.182550607940879,40.0247187475465
"census 2008 and 2013","Pinus","All",NA,100,10,4.77571526351814,2.18201447253425,1.04660233656227,3.9778997800904
"census 2008 and 2013","Platanus","All",NA,26,1,4.6564523771916,0.838750129860466,0.0209099107381427,4.58639616701144
"census 2008 and 2013","Prunus","All",NA,61,7,4.67844840161129,2.57170072227864,1.03263699142658,5.23072095592819
"census 2008 and 2013","Quercus","All",NA,1437,159,4.7247664515158,2.4512977791098,2.08799363975801,2.85766780315523
"census 2008 and 2013","Robinia","All",NA,28,23,4.71223232619537,30.6215981821597,19.0716961373014,44.8317368021664
"census 2008 and 2013","Sassafras","All",NA,78,21,4.64553607469419,6.52891554708703,4.05675096387867,9.83002815230054
"census 2008 and 2013","Tilia","All",NA,139,8,4.66669621181905,1.26217197211637,0.544819440209354,2.47218588959008
"census 2008 and 2013","Ulmus","All",NA,347,221,4.6621653874907,19.5303591539989,17.1424671267882,22.0835647542495
"census 2008 and 2013","Unidentified","All",NA,20,20,4.6880219028063,100,31.6104472158433,100
"census 2008 and 2013","Viburnum","All",NA,9,0,4.69176363221538,0,0,8.36534393424849
"census 2008 and 2013","Acer","negundo","acne",5,1,4.67077344284736,4.66511928193868,0.10835074661053,23.6480737663119
"census 2008 and 2013","Acer","platanoides","acpl",6,0,4.76249144421629,0,0,12.1109424015895
"census 2008 and 2013","Acer","rubrum","acru",185,14,4.69556209186599,1.66192116899473,0.909376720058819,2.77326647215359
"census 2008 and 2013","Ailanthus","altissima","aial",4,0,4.43805612594114,0,0,18.7629004757051
"census 2008 and 2013","Amelanchier","arborea","amar",22,5,4.72416153319644,5.31141125688308,1.70900039207125,12.0128175001358
"census 2008 and 2013","Asimina","triloba","astr",4,1,4.75222450376454,5.87403962006499,0.133100588725943,29.1743727211657
"census 2008 and 2013","Carpinus","caroliniana","caca",229,31,4.5961460864575,3.1151630243898,2.12175015157455,4.39449642862017
"census 2008 and 2013","Carya","cordiformis","caco",217,6,4.66802297523633,0.598865463139719,0.219673071184634,1.29895120997969
"census 2008 and 2013","Castanea","dentata","cade",1,0,4.69267624914442,0,0,54.4378516479813
"census 2008 and 2013","Carya","glabra","cagl",766,29,4.72822184454655,0.812931223113189,0.544792824434526,1.1654681604843
"census 2008 and 2013","Carya","ovalis","caovl",301,10,4.72412060187238,0.712650360302902,0.341793776570354,1.30673378093904
"census 2008 and 2013","Carya","sp","casp",17,17,4.61521117687321,100,29.8222532118896,100
"census 2008 and 2013","Carya","tomentosa","cato",625,25,4.72195592060233,0.860788337879359,0.557437531760441,1.2681338119483
"census 2008 and 2013","Cercis","canadensis","ceca",136,36,4.70894230382091,6.32117779651104,4.44623016853105,8.65779934349828
"census 2008 and 2013","Celtis","occidentalis","ceoc",45,7,4.63153091489847,3.58472044267382,1.43856894566051,7.25683109812594
"census 2008 and 2013","Cornus","alternifolia","coal",1,0,4.71731690622861,0,0,54.2503836105175
"census 2008 and 2013","Cornus","florida","cofl",29,12,4.66482569803394,10.8180403629401,5.58712316117913,18.3071274635507
"census 2008 and 2013","Diospyros","virginiana","divi",3,1,4.73739447866758,8.20278337985715,0.1779830010747,39.2519125380025
"census 2008 and 2013","Fagus","grandifolia","fagr",279,2,4.62780194250023,0.15533695243094,0.0187910375985645,0.559997267236934
"census 2008 and 2013","Fraxinus","americana","fram",438,38,4.67051090921024,1.92437847410638,1.36390408883731,2.63223143907241
"census 2008 and 2013","Fraxinus","nigra","frni",46,4,4.58941165967324,1.9626934125117,0.532431983697534,4.95203596392322
"census 2008 and 2013","Fraxinus","pennsylvanica","frpe",15,1,4.71074606433949,1.45391193863416,0.0358234449663986,7.84588220204824
"census 2008 and 2013","Fraxinus","sp","frsp",1,1,4.56125941136208,100,0.55352416498744,100
"census 2008 and 2013","Hamamelis","virginiana","havi",7,2,4.56712623447736,7.10242443350142,0.815175566309534,23.7171901895814
"census 2008 and 2013","Juglans","cinerea","juci",2,0,4.67077344284736,0,0,32.6245563691877
"census 2008 and 2013","Juglans","nigra","juni",130,9,4.64990259569315,1.53107008852587,0.700162331449161,2.88713400626138
"census 2008 and 2013","Lindera","benzoin","libe",1,1,4.42984257357974,100,0.569898274488867,100
"census 2008 and 2013","Liriodendron","tulipifera","litu",2276,76,4.72102792102576,0.716799186508033,0.565054879854909,0.896382363147818
"census 2008 and 2013","Nyssa","sylvatica","nysy",503,20,4.74276857676664,0.851832851016143,0.520645688942489,1.31258988860068
"census 2008 and 2013","Paulownia","tomentosa","pato",3,1,4.61875427789186,8.40437531848914,0.182550607940879,40.0247187475465
"census 2008 and 2013","Pinus","pungens","pipu",1,0,4.82956878850103,0,0,53.4112620778496
"census 2008 and 2013","Pinus","strobus","pist",96,10,4.77318617385353,2.27820693566904,1.09274337609878,4.15174112028672
"census 2008 and 2013","Pinus","virginiana","pivi",3,0,4.83869495779147,0,0,22.4404051943768
"census 2008 and 2013","Platanus","occidentalis","ploc",26,1,4.6564523771916,0.838750129860466,0.0209099107381427,4.58639616701144
"census 2008 and 2013","Prunus","avium","prav",47,4,4.68993839835729,1.87868825831666,0.509618418946178,4.74307497549571
"census 2008 and 2013","Prunus","serotina","prse",14,3,4.63987484110687,5.06483330469895,1.02275757521937,14.1745666108804
"census 2008 and 2013","Quercus","alba","qual",420,29,4.75256347576676,1.4941682130173,1.00184810357864,2.13909064765238
"census 2008 and 2013","Quercus","coccinea","quco",2,1,4.78850102669405,13.4763530583316,0.264011349009297,59.9001207276333
"census 2008 and 2013","Quercus","falcata","qufa",1,0,4.65434633812457,0,0,54.7318549374401
"census 2008 and 2013","Quercus","michauxii","qumi",3,0,4.73100616016427,0,0,22.887749629392
"census 2008 and 2013","Quercus","muehlenbergii","qumu",1,0,4.78850102669405,0,0,53.7154533948416
"census 2008 and 2013","Quercus","prinus","qupr",264,31,4.68576939829507,2.63052735871857,1.79096384058499,3.71426705319693
"census 2008 and 2013","Quercus","rubra","quru",413,53,4.71841072070773,2.86884556614935,2.15358293859326,3.73682620013761
"census 2008 and 2013","Quercus","sp","qusp",5,5,4.69650924024641,100,12.9329122287633,100
"census 2008 and 2013","Quercus","velutina","quve",328,40,4.72856880519524,2.71289151012312,1.9421837249791,3.67700438674901
"census 2008 and 2013","Robinia","pseudoacacia","rops",28,23,4.71223232619537,30.6215981821597,19.0716961373014,44.8317368021664
"census 2008 and 2013","Sassafras","albidum","saal",78,21,4.64553607469419,6.52891554708703,4.05675096387867,9.83002815230054
"census 2008 and 2013","Tilia","americana","tiam",139,8,4.66669621181905,1.26217197211637,0.544819440209354,2.47218588959008
"census 2008 and 2013","Ulmus","americana","ulam",21,9,4.62188325022001,11.4036568347788,5.18646476688358,20.8069933930796
"census 2008 and 2013","Ulmus","rubra","ulru",299,185,4.67464672339237,18.6387628954852,16.14938774155,21.3211684913516
"census 2008 and 2013","Ulmus","sp","ulsp",27,27,4.55527670038279,100,36.3515060182729,100
"census 2008 and 2013","Unidentified","unk","unk",20,20,4.6880219028063,100,31.6104472158433,100
"census 2008 and 2013","Viburnum","prunifolium","vipr",9,0,4.69176363221538,0,0,8.36534393424849
"census 2013 and 2014","All","All",NA,8057,126,1.25128989828376,1.25177127855431,1.04378718175979,1.48861210097826
"census 2013 and 2014","Acer","All",NA,202,4,1.27330392176795,1.55849702893071,0.425998367926905,3.94212514780884
"census 2013 and 2014","Ailanthus","All",NA,4,0,1.45448323066393,0,0,46.9562573750553
"census 2013 and 2014","Amelanchier","All",NA,18,0,1.25058939843334,0,0,15.1150120602157
"census 2013 and 2014","Asimina","All",NA,5,0,1.33114305270363,0,0,42.5492644159514
"census 2013 and 2014","Carpinus","All",NA,253,4,1.36520278221912,1.1605554904919,0.316923050322593,2.9446989453439
"census 2013 and 2014","Carya","All",NA,1934,19,1.2536100629465,0.784454445004445,0.472909281036271,1.22232444489957
"census 2013 and 2014","Castanea","All",NA,1,0,1.19096509240246,0,0,95.4832917198597
"census 2013 and 2014","Celtis","All",NA,40,4,1.26748802190281,7.97643061070366,2.20977584983078,19.1873945935493
"census 2013 and 2014","Cercis","All",NA,127,9,1.18227726667637,6.02771057113622,2.79117609164603,11.1346837112506
"census 2013 and 2014","Cornus","All",NA,20,0,1.2570841889117,0,0,13.6467412933854
"census 2013 and 2014","Diospyros","All",NA,2,0,1.27720739219713,0,0,76.4046188600238
"census 2013 and 2014","Fagus","All",NA,307,0,1.29772343693914,0,0,0.921647563695493
"census 2013 and 2014","Fraxinus","All",NA,476,14,1.24424965057892,2.370720613918,1.30173750047985,3.94574272090125
"census 2013 and 2014","Hamamelis","All",NA,7,0,1.41116651999609,0,0,31.1636129782492
"census 2013 and 2014","Juglans","All",NA,123,2,1.2637518572311,1.28885548313563,0.15633531429281,4.57813322828311
"census 2013 and 2014","Lindera","All",NA,1,0,1.11156741957563,0,0,96.3797555043803
"census 2013 and 2014","Liriodendron","All",NA,2219,17,1.24578750070559,0.615427290299442,0.358889522469052,0.983536372265725
"census 2013 and 2014","Nyssa","All",NA,495,7,1.23849307586474,1.14338773909396,0.460811934732541,2.3415640755156
"census 2013 and 2014","Paulownia","All",NA,2,0,1.23066392881588,0,0,77.6587514820401
"census 2013 and 2014","Pinus","All",NA,90,1,1.19860065404213,0.927863964492093,0.023467029484181,5.06145333497141
"census 2013 and 2014","Platanus","All",NA,27,0,1.24987958526631,0,0,10.3548119357495
"census 2013 and 2014","Prunus","All",NA,59,2,1.24818153342846,2.72509414913475,0.331172430315974,9.50031388500095
"census 2013 and 2014","Quercus","All",NA,1294,22,1.23378685598884,1.38023174283554,0.866885834548003,2.08227335344054
"census 2013 and 2014","Robinia","All",NA,5,0,1.22655715263518,0,0,45.2011752139768
"census 2013 and 2014","Sassafras","All",NA,58,3,1.22547145318511,4.24125976643227,0.881884859367243,11.8994487925342
"census 2013 and 2014","Tilia","All",NA,131,3,1.3483810628504,1.70346304384211,0.352328880353203,4.89743226982047
"census 2013 and 2014","Ulmus","All",NA,145,15,1.19326866340957,8.74503151738163,4.97412023514422,14.0148081651587
"census 2013 and 2014","Viburnum","All",NA,12,0,1.18069815195072,0,0,22.9225975667997
"census 2013 and 2014","Acer","negundo","acne",6,0,1.25347935204198,0,0,38.7670863903227
"census 2013 and 2014","Acer","platanoides","acpl",7,0,1.19135621394348,0,0,35.7467930036622
"census 2013 and 2014","Acer","rubrum","acru",189,4,1.27696837347761,1.66120155966927,0.454164065962426,4.1985424828282
"census 2013 and 2014","Ailanthus","altissima","aial",4,0,1.45448323066393,0,0,46.9562573750553
"census 2013 and 2014","Amelanchier","arborea","amar",18,0,1.25058939843334,0,0,15.1150120602157
"census 2013 and 2014","Asimina","triloba","astr",5,0,1.33114305270363,0,0,42.5492644159514
"census 2013 and 2014","Carpinus","caroliniana","caca",253,4,1.36520278221912,1.1605554904919,0.316923050322593,2.9446989453439
"census 2013 and 2014","Carya","cordiformis","caco",230,3,1.24484123441359,1.04915364257495,0.216791925893911,3.03530741426632
"census 2013 and 2014","Castanea","dentata","cade",1,0,1.19096509240246,0,0,95.4832917198597
"census 2013 and 2014","Carya","glabra","cagl",772,8,1.23952647948562,0.836860936762773,0.361923786010643,1.64226262760526
"census 2013 and 2014","Carya","ovalis","caovl",303,1,1.25797466810336,0.262441560814108,0.00664197373977382,1.45349062301857
"census 2013 and 2014","Carya","tomentosa","cato",629,7,1.27199938191604,0.875949921945796,0.352821151627625,1.79642377967946
"census 2013 and 2014","Cercis","canadensis","ceca",127,9,1.18227726667637,6.02771057113622,2.79117609164603,11.1346837112506
"census 2013 and 2014","Celtis","occidentalis","ceoc",40,4,1.26748802190281,7.97643061070366,2.20977584983078,19.1873945935493
"census 2013 and 2014","Cornus","alternifolia","coal",1,0,1.15537303216975,0,0,95.8943406727123
"census 2013 and 2014","Cornus","florida","cofl",19,0,1.2624374076876,0,0,14.2548816799202
"census 2013 and 2014","Diospyros","virginiana","divi",2,0,1.27720739219713,0,0,76.4046188600238
"census 2013 and 2014","Fagus","grandifolia","fagr",307,0,1.29772343693914,0,0,0.921647563695493
"census 2013 and 2014","Fraxinus","americana","fram",418,13,1.23629682756452,2.52318655492832,1.34985653448704,4.27613112509344
"census 2013 and 2014","Fraxinus","nigra","frni",44,1,1.31821293012258,1.7288717494686,0.0436408374485664,9.26100939413811
"census 2013 and 2014","Fraxinus","pennsylvanica","frpe",14,0,1.24924220201428,0,0,19.0161942291268
"census 2013 and 2014","Hamamelis","virginiana","havi",7,0,1.41116651999609,0,0,31.1636129782492
"census 2013 and 2014","Juglans","cinerea","juci",2,0,1.27994524298426,0,0,76.3316194463262
"census 2013 and 2014","Juglans","nigra","juni",121,2,1.26348419796245,1.31047178125995,0.15896171704467,4.65360438595579
"census 2013 and 2014","Lindera","benzoin","libe",1,0,1.11156741957563,0,0,96.3797555043803
"census 2013 and 2014","Liriodendron","tulipifera","litu",2219,17,1.24578750070559,0.615427290299442,0.358889522469052,0.983536372265725
"census 2013 and 2014","Nyssa","sylvatica","nysy",495,7,1.23849307586474,1.14338773909396,0.460811934732541,2.3415640755156
"census 2013 and 2014","Paulownia","tomentosa","pato",2,0,1.23066392881588,0,0,77.6587514820401
"census 2013 and 2014","Pinus","pungens","pipu",1,0,1.15263518138261,0,0,95.9253596360002
"census 2013 and 2014","Pinus","strobus","pist",86,1,1.20099326679719,0.969137193293979,0.0245094660952572,5.28163303043731
"census 2013 and 2014","Pinus","virginiana","pivi",3,0,1.14533424595026,0,0,65.8222791634589
"census 2013 and 2014","Platanus","occidentalis","ploc",27,0,1.24987958526631,0,0,10.3548119357495
"census 2013 and 2014","Prunus","avium","prav",48,2,1.23368697239334,3.39096351389476,0.41249712220206,11.7196174598254
"census 2013 and 2014","Prunus","serotina","prse",11,0,1.31143052703628,0,0,22.5637499458913
"census 2013 and 2014","Quercus","alba","qual",396,2,1.2233975622066,0.413016892784668,0.0500458830406836,1.48393387685325
"census 2013 and 2014","Quercus","coccinea","quco",1,0,1.20739219712526,0,0,95.2888841642725
"census 2013 and 2014","Quercus","falcata","qufa",1,0,1.23750855578371,0,0,94.9252457252802
"census 2013 and 2014","Quercus","michauxii","qumi",3,0,1.22838238649327,0,0,63.2492956276772
"census 2013 and 2014","Quercus","muehlenbergii","qumu",1,0,1.20739219712526,0,0,95.2888841642725
"census 2013 and 2014","Quercus","prinus","qupr",236,5,1.2489588046265,1.69994084971362,0.553973556573972,3.9223374078635
"census 2013 and 2014","Quercus","rubra","quru",367,7,1.23345773023218,1.54916221072419,0.624888960499115,3.16572277870946
"census 2013 and 2014","Quercus","velutina","quve",289,8,1.23627699660611,2.24510391210658,0.973812728851864,4.37572151909864
"census 2013 and 2014","Robinia","pseudoacacia","rops",5,0,1.22655715263518,0,0,45.2011752139768
"census 2013 and 2014","Sassafras","albidum","saal",58,3,1.22547145318511,4.24125976643227,0.881884859367243,11.8994487925342
"census 2013 and 2014","Tilia","americana","tiam",131,3,1.3483810628504,1.70346304384211,0.352328880353203,4.89743226982047
"census 2013 and 2014","Ulmus","americana","ulam",12,1,1.28313940223591,6.55632338024165,0.164291092022628,31.518320932808
"census 2013 and 2014","Ulmus","rubra","ulru",133,14,1.18516002531997,8.95794304562674,4.98084681362258,14.5747704007922
"census 2013 and 2014","Viburnum","prunifolium","vipr",12,0,1.18069815195072,0,0,22.9225975667997
"census 2014 and 2015","All","All",NA,7931,91,0.790547769515493,1.44918166918216,1.1683727580162,1.77632875072582
"census 2014 and 2015","Acer","All",NA,198,2,0.794087348502133,1.27035752029209,0.154319776825107,4.51341044588627
"census 2014 and 2015","Ailanthus","All",NA,4,0,0.813141683778234,0,0,67.83026637807
"census 2014 and 2015","Amelanchier","All",NA,18,0,0.794585139554339,0,0,22.7341351640393
"census 2014 and 2015","Asimina","All",NA,5,0,0.770431211498973,0,0,61.6192528832102
"census 2014 and 2015","Carpinus","All",NA,249,0,0.780617335873267,0,0,1.87993295166161
"census 2014 and 2015","Carya","All",NA,1915,15,0.787547425401608,0.993541020309641,0.557153195906135,1.63340587670686
"census 2014 and 2015","Castanea","All",NA,1,0,0.80766598220397,0,0,98.9614378227113
"census 2014 and 2015","Celtis","All",NA,36,3,0.806905468096433,10.2222865142111,2.1674877364259,27.0497591148536
"census 2014 and 2015","Cercis","All",NA,118,4,0.802770333762573,4.20492933567767,1.15864867642986,10.416875188125
"census 2014 and 2015","Cornus","All",NA,20,2,0.800136892539357,12.3376876201875,1.54091427299277,37.9023697720792
"census 2014 and 2015","Diospyros","All",NA,2,0,0.791238877481177,0,0,90.2809104185103
"census 2014 and 2015","Fagus","All",NA,307,1,0.784826777429229,0.414852481627925,0.0105072991403277,2.28960604025119
"census 2014 and 2015","Fraxinus","All",NA,462,8,0.798095356616917,2.16489478312081,0.939434757626234,4.22095301880079
"census 2014 and 2015","Hamamelis","All",NA,7,0,0.796323457514423,0,0,48.406255667824
"census 2014 and 2015","Juglans","All",NA,121,1,0.80166986271149,1.02984992505142,0.0260968746311097,5.60462984449419
"census 2014 and 2015","Lindera","All",NA,1,0,0.804928131416838,0,0,98.9774473606284
"census 2014 and 2015","Liriodendron","All",NA,2202,13,0.79092182391591,0.74585252869348,0.397739337978897,1.27205249388848
"census 2014 and 2015","Nyssa","All",NA,488,2,0.791182773981441,0.517723842802276,0.0627773855342517,1.85758941618221
"census 2014 and 2015","Paulownia","All",NA,2,0,0.796714579055442,0,0,90.1239453420111
"census 2014 and 2015","Pinus","All",NA,89,1,0.796991440370994,1.40777311962738,0.0356865803623818,7.59565620973056
"census 2014 and 2015","Platanus","All",NA,27,0,0.794179532030319,0,0,15.8048693882995
"census 2014 and 2015","Prunus","All",NA,57,2,0.797050806345089,4.38235437578328,0.536422842332884,14.9482549929111
"census 2014 and 2015","Quercus","All",NA,1272,18,0.789488977567704,1.78902472835398,1.06376270549281,2.81272953046312
"census 2014 and 2015","Robinia","All",NA,5,2,0.801095140314853,47.1471802859141,6.54040924204172,90.8963895214066
"census 2014 and 2015","Sassafras","All",NA,55,5,0.796615020845,11.2763732491931,3.77393151944406,24.375695607129
"census 2014 and 2015","Tilia","All",NA,128,0,0.781848904859685,0,0,3.61894584212205
"census 2014 and 2015","Ulmus","All",NA,130,12,0.804464802822092,11.3425734665155,6.00648937369096,18.9717958920404
"census 2014 and 2015","Viburnum","All",NA,12,0,0.803787360255533,0,0,31.7810426313587
"census 2014 and 2015","Acer","negundo","acne",6,0,0.793520419803787,0,0,53.9200364792327
"census 2014 and 2015","Acer","platanoides","acpl",7,0,0.795541214432385,0,0,48.4398171951845
"census 2014 and 2015","Acer","rubrum","acru",185,2,0.794050724235529,1.3595622232374,0.165191967557821,4.82471157010765
"census 2014 and 2015","Ailanthus","altissima","aial",4,0,0.813141683778234,0,0,67.83026637807
"census 2014 and 2015","Amelanchier","arborea","amar",18,0,0.794585139554339,0,0,22.7341351640393
"census 2014 and 2015","Asimina","triloba","astr",5,0,0.770431211498973,0,0,61.6192528832102
"census 2014 and 2015","Carpinus","caroliniana","caca",249,0,0.780617335873267,0,0,1.87993295166161
"census 2014 and 2015","Carya","cordiformis","caco",227,2,0.793313372350722,1.10932687425175,0.134705790290235,3.94959710603713
"census 2014 and 2015","Castanea","dentata","cade",1,0,0.80766598220397,0,0,98.9614378227113
"census 2014 and 2015","Carya","glabra","cagl",764,7,0.788533278863004,1.16051182657821,0.467906880057578,2.37640024820387
"census 2014 and 2015","Carya","ovalis","caovl",302,1,0.787150232762646,0.420475599639414,0.0106497252581939,2.32034258702225
"census 2014 and 2015","Carya","tomentosa","cato",622,5,0.784425062338926,1.02363999259282,0.333259291821231,2.3725577855905
"census 2014 and 2015","Cercis","canadensis","ceca",118,4,0.802770333762573,4.20492933567767,1.15864867642986,10.416875188125
"census 2014 and 2015","Celtis","occidentalis","ceoc",36,3,0.806905468096433,10.2222865142111,2.1674877364259,27.0497591148536
"census 2014 and 2015","Cornus","alternifolia","coal",1,0,0.799452429842574,0,0,99.0090462530588
"census 2014 and 2015","Cornus","florida","cofl",19,2,0.800172916891819,12.9773711252647,1.62351826948622,39.5322045976482
"census 2014 and 2015","Diospyros","virginiana","divi",2,0,0.791238877481177,0,0,90.2809104185103
"census 2014 and 2015","Fagus","grandifolia","fagr",307,1,0.784826777429229,0.414852481627925,0.0105072991403277,2.28960604025119
"census 2014 and 2015","Fraxinus","americana","fram",405,6,0.79855333316433,1.85172711250128,0.682723788177064,3.98662757837421
"census 2014 and 2015","Fraxinus","nigra","frni",43,2,0.79550483103322,5.81144199910346,0.713898822712844,19.4546834941251
"census 2014 and 2015","Fraxinus","pennsylvanica","frpe",14,0,0.792803363645253,0,0,28.2766641215329
"census 2014 and 2015","Hamamelis","virginiana","havi",7,0,0.796323457514423,0,0,48.406255667824
"census 2014 and 2015","Juglans","cinerea","juci",2,0,0.813141683778234,0,0,89.6510823869407
"census 2014 and 2015","Juglans","nigra","juni",119,1,0.801477058996083,1.04739081798964,0.0265418018947194,5.69781146743007
"census 2014 and 2015","Lindera","benzoin","libe",1,0,0.804928131416838,0,0,98.9774473606284
"census 2014 and 2015","Liriodendron","tulipifera","litu",2202,13,0.79092182391591,0.74585252869348,0.397739337978897,1.27205249388848
"census 2014 and 2015","Nyssa","sylvatica","nysy",488,2,0.791182773981441,0.517723842802276,0.0627773855342517,1.85758941618221
"census 2014 and 2015","Paulownia","tomentosa","pato",2,0,0.796714579055442,0,0,90.1239453420111
"census 2014 and 2015","Pinus","pungens","pipu",1,0,0.813141683778234,0,0,98.9289990423811
"census 2014 and 2015","Pinus","strobus","pist",85,1,0.796134798888755,1.47549547084385,0.0374058329818627,7.94878254406362
"census 2014 and 2015","Pinus","virginiana","pivi",3,0,0.815879534565366,0,0,77.8452373917875
"census 2014 and 2015","Platanus","occidentalis","ploc",27,0,0.794179532030319,0,0,15.8048693882995
"census 2014 and 2015","Prunus","avium","prav",46,2,0.794988542689641,5.4380463944171,0.667411275207752,18.2941180129333
"census 2014 and 2015","Prunus","serotina","prse",11,0,0.805674817995147,0,0,34.0476880711921
"census 2014 and 2015","Quercus","alba","qual",394,4,0.791009565105605,1.28173348180539,0.350422157407226,3.24903634401871
"census 2014 and 2015","Quercus","coccinea","quco",1,0,0.793976728268309,0,0,99.0400843712473
"census 2014 and 2015","Quercus","falcata","qufa",1,0,0.785763175906913,0,0,99.0855890413142
"census 2014 and 2015","Quercus","michauxii","qumi",3,0,0.795801962126397,0,0,78.671826933095
"census 2014 and 2015","Quercus","muehlenbergii","qumu",1,0,0.793976728268309,0,0,99.0400843712473
"census 2014 and 2015","Quercus","prinus","qupr",231,5,0.787161731720253,2.74166605199766,0.896613833120596,6.28172978192549
"census 2014 and 2015","Quercus","rubra","quru",360,5,0.789162673967602,1.75667616809341,0.573002024531111,4.05162444642103
"census 2014 and 2015","Quercus","velutina","quve",281,4,0.789602012953639,1.79936017923357,0.492623479222298,4.54269601989689
"census 2014 and 2015","Robinia","pseudoacacia","rops",5,2,0.801095140314853,47.1471802859141,6.54040924204172,90.8963895214066
"census 2014 and 2015","Sassafras","albidum","saal",55,5,0.796615020845,11.2763732491931,3.77393151944406,24.375695607129
"census 2014 and 2015","Tilia","americana","tiam",128,0,0.781848904859685,0,0,3.61894584212205
"census 2014 and 2015","Ulmus","americana","ulam",11,1,0.805674817995147,11.1569246806893,0.285268249580428,48.3539982402354
"census 2014 and 2015","Ulmus","rubra","ulru",119,11,0.804352952680045,11.3597560438287,5.81581151322076,19.4136285487145
"census 2014 and 2015","Viburnum","prunifolium","vipr",12,0,0.803787360255533,0,0,31.7810426313587
"census 2015 and 2016","All","All",NA,7840,138,0.995652614228443,1.76782144277371,1.48720176727423,2.08522720575813
"census 2015 and 2016","Acer","All",NA,196,1,0.997080557068823,0.511694126052764,0.0129542314277087,2.81785335942358
"census 2015 and 2016","Ailanthus","All",NA,4,0,0.957563312799452,0,0,61.828851172419
"census 2015 and 2016","Amelanchier","All",NA,18,0,0.995969275230056,0,0,18.5977390975837
"census 2015 and 2016","Asimina","All",NA,5,0,0.98507871321013,0,0,52.7137772435972
"census 2015 and 2016","Carpinus","All",NA,249,7,1.00833175274678,2.7883428389611,1.12823468607369,5.66041838511883
"census 2015 and 2016","Carya","All",NA,1900,26,0.998925033322526,1.3698835099148,0.896752789936406,2.00079346596773
"census 2015 and 2016","Castanea","All",NA,1,0,0.974674880219028,0,0,97.7284962929646
"census 2015 and 2016","Celtis","All",NA,33,0,0.997490303445129,0,0,10.6014279223374
"census 2015 and 2016","Cercis","All",NA,114,7,0.987523565930569,6.21546630679526,2.53536485338094,12.3873670431762
"census 2015 and 2016","Cornus","All",NA,18,0,0.988212031333181,0,0,18.7291160246352
"census 2015 and 2016","Diospyros","All",NA,2,0,0.97056810403833,0,0,85.0486898741773
"census 2015 and 2016","Fagus","All",NA,306,0,0.999324484528012,0,0,1.19908405389558
"census 2015 and 2016","Fraxinus","All",NA,454,17,0.991150229008554,3.77728766894457,2.2155551801047,5.97904867173752
"census 2015 and 2016","Hamamelis","All",NA,7,0,1.00009778038525,0,0,40.9585977787484
"census 2015 and 2016","Juglans","All",NA,120,0,0.985261236595939,0,0,3.07188058896773
"census 2015 and 2016","Lindera","All",NA,1,1,0.982888432580424,100,2.54296557001196,100
"census 2015 and 2016","Liriodendron","All",NA,2189,24,0.993043119899166,1.10402938623337,0.708618881974099,1.63828008047725
"census 2015 and 2016","Nyssa","All",NA,486,7,0.99308495505925,1.45028543277441,0.58502999896245,2.96520681875195
"census 2015 and 2016","Paulownia","All",NA,2,0,1.01026694045175,0,0,83.8894431013201
"census 2015 and 2016","Pinus","All",NA,88,1,0.985439611722979,1.15305683369238,0.0291910702891252,6.25761809245464
"census 2015 and 2016","Platanus","All",NA,27,1,0.987654320987654,3.74912116249715,0.094896724493132,19.1833464030445
"census 2015 and 2016","Prunus","All",NA,55,3,0.992346462572335,5.49543637774762,1.14803692637154,15.230766837969
"census 2015 and 2016","Quercus","All",NA,1254,27,0.996881164394403,2.1597729812707,1.42801459200417,3.12688921015213
"census 2015 and 2016","Robinia","All",NA,3,0,0.983801049509468,0,0,71.345884837532
"census 2015 and 2016","Sassafras","All",NA,50,3,0.986228610540726,6.08118175929749,1.27226930224915,16.7587315606885
"census 2015 and 2016","Tilia","All",NA,128,1,1.01627737850787,0.768785201124611,0.0194608413129571,4.20887953037331
"census 2015 and 2016","Ulmus","All",NA,118,12,0.982053156069096,10.3453772668627,5.46145386425589,17.3738081996835
"census 2015 and 2016","Viburnum","All",NA,12,0,0.989276751083733,0,0,26.7094677727957
"census 2015 and 2016","Acer","negundo","acne",6,0,0.996121378051563,0,0,46.0551067348171
"census 2015 and 2016","Acer","platanoides","acpl",7,0,0.984061797203481,0,0,41.4633992308912
"census 2015 and 2016","Acer","rubrum","acru",183,1,0.997609990911233,0.547753640194415,0.0138670508623151,3.01394897642023
"census 2015 and 2016","Ailanthus","altissima","aial",4,0,0.957563312799452,0,0,61.828851172419
"census 2015 and 2016","Amelanchier","arborea","amar",18,0,0.995969275230056,0,0,18.5977390975837
"census 2015 and 2016","Asimina","triloba","astr",5,0,0.98507871321013,0,0,52.7137772435972
"census 2015 and 2016","Carpinus","caroliniana","caca",249,7,1.00833175274678,2.7883428389611,1.12823468607369,5.66041838511883
"census 2015 and 2016","Carya","cordiformis","caco",225,9,0.994472583466423,4.02177938254922,1.85526443973647,7.49704915709981
"census 2015 and 2016","Castanea","dentata","cade",1,0,0.974674880219028,0,0,97.7284962929646
"census 2015 and 2016","Carya","glabra","cagl",757,8,0.997720567425905,1.0592047533423,0.458368313456292,2.07634037804495
"census 2015 and 2016","Carya","ovalis","caovl",301,0,0.998715211217002,0,0,1.21961954481564
"census 2015 and 2016","Carya","tomentosa","cato",617,9,1.00212882320118,1.45559499478666,0.667692807384201,2.745125735874
"census 2015 and 2016","Cercis","canadensis","ceca",114,7,0.987523565930569,6.21546630679526,2.53536485338094,12.3873670431762
"census 2015 and 2016","Celtis","occidentalis","ceoc",33,0,0.997490303445129,0,0,10.6014279223374
"census 2015 and 2016","Cornus","alternifolia","coal",1,0,0.993839835728953,0,0,97.556513832976
"census 2015 and 2016","Cornus","florida","cofl",17,0,0.987880984015783,0,0,19.7204213385323
"census 2015 and 2016","Diospyros","virginiana","divi",2,0,0.97056810403833,0,0,85.0486898741773
"census 2015 and 2016","Fagus","grandifolia","fagr",306,0,0.999324484528012,0,0,1.19908405389558
"census 2015 and 2016","Fraxinus","americana","fram",399,10,0.990813790122123,2.52920585469126,1.21938230334516,4.60200503658358
"census 2015 and 2016","Fraxinus","nigra","frni",41,6,0.993372397789686,14.7242145858674,5.60180997014721,29.3358565154898
"census 2015 and 2016","Fraxinus","pennsylvanica","frpe",14,1,0.994230957269972,7.18277832082019,0.181725500418706,34.0269402131287
"census 2015 and 2016","Hamamelis","virginiana","havi",7,0,1.00009778038525,0,0,40.9585977787484
"census 2015 and 2016","Juglans","cinerea","juci",2,0,0.978781656399726,0,0,84.8083474719817
"census 2015 and 2016","Juglans","nigra","juni",118,0,0.985371059989095,0,0,3.12278220317251
"census 2015 and 2016","Lindera","benzoin","libe",1,1,0.982888432580424,100,2.54296557001196,100
"census 2015 and 2016","Liriodendron","tulipifera","litu",2189,24,0.993043119899166,1.10402938623337,0.708618881974099,1.63828008047725
"census 2015 and 2016","Nyssa","sylvatica","nysy",486,7,0.99308495505925,1.45028543277441,0.58502999896245,2.96520681875195
"census 2015 and 2016","Paulownia","tomentosa","pato",2,0,1.01026694045175,0,0,83.8894431013201
"census 2015 and 2016","Pinus","pungens","pipu",1,0,0.980150581793292,0,0,97.6799568819728
"census 2015 and 2016","Pinus","strobus","pist",84,1,0.985365535673544,1.20804969432138,0.0305832072943213,6.54785913202873
"census 2015 and 2016","Pinus","virginiana","pivi",3,0,0.989276751083733,0,0,71.1469650377157
"census 2015 and 2016","Platanus","occidentalis","ploc",27,1,0.987654320987654,3.74912116249715,0.094896724493132,19.1833464030445
"census 2015 and 2016","Prunus","avium","prav",44,3,0.995893223819302,6.84531301526434,1.4346161990667,18.7254347092288
"census 2015 and 2016","Prunus","serotina","prse",11,0,0.978159417584469,0,0,29.0248602161877
"census 2015 and 2016","Quercus","alba","qual",390,5,0.996788290422787,1.28615544652669,0.418896229506394,2.97578788912116
"census 2015 and 2016","Quercus","coccinea","quco",1,0,0.988364134154689,0,0,97.6062477936923
"census 2015 and 2016","Quercus","falcata","qufa",1,0,0.969199178644764,0,0,97.7765514460332
"census 2015 and 2016","Quercus","michauxii","qumi",3,1,0.987451517225645,33.6759585055558,0.851009748735088,90.8488286404363
"census 2015 and 2016","Quercus","muehlenbergii","qumu",1,0,0.988364134154689,0,0,97.6062477936923
"census 2015 and 2016","Quercus","prinus","qupr",226,7,0.999109592774981,3.10006225376861,1.255294249254,6.2827332062569
"census 2015 and 2016","Quercus","rubra","quru",355,6,0.996515988470178,1.69599950848259,0.62488385190046,3.65474809642019
"census 2015 and 2016","Quercus","velutina","quve",277,8,0.995925346617346,2.89972974672524,1.26004938947579,5.63345172800029
"census 2015 and 2016","Robinia","pseudoacacia","rops",3,0,0.983801049509468,0,0,71.345884837532
"census 2015 and 2016","Sassafras","albidum","saal",50,3,0.986228610540726,6.08118175929749,1.27226930224915,16.7587315606885
"census 2015 and 2016","Tilia","americana","tiam",128,1,1.01627737850787,0.768785201124611,0.0194608413129571,4.20887953037331
"census 2015 and 2016","Ulmus","americana","ulam",10,1,0.985352498288843,10.1408485170003,0.256611820371933,44.985263471312
"census 2015 and 2016","Ulmus","rubra","ulru",108,11,0.981747661419119,10.3643774156614,5.28906805134097,17.7880385201611
"census 2015 and 2016","Viburnum","prunifolium","vipr",12,0,0.989276751083733,0,0,26.7094677727957
"census 2016 and 2017","All","All",NA,7709,179,1.02225893288634,2.27198114550895,1.95435056267277,2.62555707866027
"census 2016 and 2017","Acer","All",NA,195,1,1.02725565559241,0.49924812740948,0.0126382081672705,2.75009645875813
"census 2016 and 2017","Ailanthus","All",NA,4,0,0.91854893908282,0,0,63.358783254367
"census 2016 and 2017","Amelanchier","All",NA,18,1,1.03293026085634,5.38329870270368,0.136077693448455,26.5517639129495
"census 2016 and 2017","Asimina","All",NA,5,0,1.0694045174538,0,0,49.8370822341103
"census 2016 and 2017","Carpinus","All",NA,242,11,1.03405909006058,4.39908291351792,2.2160000789887,7.73474975284624
"census 2016 and 2017","Carya","All",NA,1874,41,1.02937199634466,2.12607454152309,1.52991098741287,2.8732992708318
"census 2016 and 2017","Castanea","All",NA,1,0,0.980150581793292,0,0,97.6799568819728
"census 2016 and 2017","Celtis","All",NA,33,0,1.02080351772344,0,0,10.3723315050248
"census 2016 and 2017","Cercis","All",NA,108,7,1.01797348340812,6.37076951306866,2.59928864301108,12.6864133216346
"census 2016 and 2017","Cornus","All",NA,18,1,0.990949882120313,5.60484407597278,0.141838368139702,27.5057042627804
"census 2016 and 2017","Diospyros","All",NA,2,0,1.05407255304586,0,0,82.6195185375137
"census 2016 and 2017","Fagus","All",NA,306,0,1.02652404790344,0,0,1.16749841290567
"census 2016 and 2017","Fraxinus","All",NA,442,50,1.01480731291095,11.1567309524147,8.3947969387053,14.4434497628034
"census 2016 and 2017","Hamamelis","All",NA,7,0,1.01574264202601,0,0,40.4774680152412
"census 2016 and 2017","Juglans","All",NA,120,1,0.99356605065024,0.838706984510951,0.0212325425047011,4.58436457515256
"census 2016 and 2017","Liriodendron","All",NA,2165,18,1.01268611299483,0.821036433531452,0.487301697997544,1.29449868812501
"census 2016 and 2017","Nyssa","All",NA,479,4,1.0336386980062,0.808006579289156,0.220573207712527,2.05580780026464
"census 2016 and 2017","Paulownia","All",NA,2,0,1.02395619438741,0,0,83.4913834806755
"census 2016 and 2017","Pinus","All",NA,88,1,1.03444091842449,1.0987379079231,0.0278084860763084,5.97023029713105
"census 2016 and 2017","Platanus","All",NA,26,0,1.00573895645764,0,0,13.1571812359987
"census 2016 and 2017","Prunus","All",NA,52,1,1.01353130100563,1.89764776776704,0.0480265381942124,10.1256188476175
"census 2016 and 2017","Quercus","All",NA,1227,31,1.02797483274733,2.45858501320642,1.67644233160156,3.47173087575151
"census 2016 and 2017","Robinia","All",NA,3,1,0.987451517225645,33.6759585055558,0.851009748735088,90.8488286404363
"census 2016 and 2017","Sassafras","All",NA,47,0,0.982072902558725,0,0,7.68093600237114
"census 2016 and 2017","Tilia","All",NA,127,0,1.03350633532205,0,0,2.77133517091773
"census 2016 and 2017","Ulmus","All",NA,106,10,1.00414551935221,9.39690526225851,4.59862963348646,16.6028932396055
"census 2016 and 2017","Viburnum","All",NA,12,0,1.01483002509697,0,0,26.1337671761686
"census 2016 and 2017","Acer","negundo","acne",6,0,1.01254848277436,0,0,45.5122282145718
"census 2016 and 2017","Acer","platanoides","acpl",7,0,1.03803656986409,0,0,39.8105231934751
"census 2016 and 2017","Acer","rubrum","acru",182,1,1.02732585689465,0.534874861891033,0.0135399509608947,2.94395137622314
"census 2016 and 2017","Ailanthus","altissima","aial",4,0,0.91854893908282,0,0,63.358783254367
"census 2016 and 2017","Amelanchier","arborea","amar",18,1,1.03293026085634,5.38329870270368,0.136077693448455,26.5517639129495
"census 2016 and 2017","Asimina","triloba","astr",5,0,1.0694045174538,0,0,49.8370822341103
"census 2016 and 2017","Carpinus","caroliniana","caca",242,11,1.03405909006058,4.39908291351792,2.2160000789887,7.73474975284624
"census 2016 and 2017","Carya","cordiformis","caco",216,13,1.02215631099957,5.89198273345178,3.17402127139264,9.86479167793436
"census 2016 and 2017","Castanea","dentata","cade",1,0,0.980150581793292,0,0,97.6799568819728
"census 2016 and 2017","Carya","glabra","cagl",749,13,1.02929299298449,1.68667112276164,0.901042011080511,2.86699108801091
"census 2016 and 2017","Carya","ovalis","caovl",301,3,1.03051430208682,0.967308572161263,0.199918344657413,2.80071013776535
"census 2016 and 2017","Carya","tomentosa","cato",608,12,1.03146727187579,1.9140524654758,0.992807778966531,3.31957904863798
"census 2016 and 2017","Cercis","canadensis","ceca",108,7,1.01797348340812,6.37076951306866,2.59928864301108,12.6864133216346
"census 2016 and 2017","Celtis","occidentalis","ceoc",33,0,1.02080351772344,0,0,10.3723315050248
"census 2016 and 2017","Cornus","alternifolia","coal",1,0,0.999315537303217,0,0,97.5063086013017
"census 2016 and 2017","Cornus","florida","cofl",17,1,0.990457784756613,5.93730785363317,0.150250090486559,28.9208564728995
"census 2016 and 2017","Diospyros","virginiana","divi",2,0,1.05407255304586,0,0,82.6195185375137
"census 2016 and 2017","Fagus","grandifolia","fagr",306,0,1.02652404790344,0,0,1.16749841290567
"census 2016 and 2017","Fraxinus","americana","fram",394,38,1.01231685411216,9.5331046681807,6.83459458469509,12.8499165742026
"census 2016 and 2017","Fraxinus","nigra","frni",35,12,1.03404713014569,33.3709621384796,18.5649955173708,51.03492378051
"census 2016 and 2017","Fraxinus","pennsylvanica","frpe",13,0,1.03848786394988,0,0,23.909244216034
"census 2016 and 2017","Hamamelis","virginiana","havi",7,0,1.01574264202601,0,0,40.4774680152412
"census 2016 and 2017","Juglans","cinerea","juci",2,0,0.9637234770705,0,0,85.2491313159276
"census 2016 and 2017","Juglans","nigra","juni",118,1,0.9940718569821,0.852489833940195,0.0215813917448848,4.6582378979973
"census 2016 and 2017","Liriodendron","tulipifera","litu",2165,18,1.01268611299483,0.821036433531452,0.487301697997544,1.29449868812501
"census 2016 and 2017","Nyssa","sylvatica","nysy",479,4,1.0336386980062,0.808006579289156,0.220573207712527,2.05580780026464
"census 2016 and 2017","Paulownia","tomentosa","pato",2,0,1.02395619438741,0,0,83.4913834806755
"census 2016 and 2017","Pinus","pungens","pipu",1,0,1.02121834360027,0,0,97.3008515063198
"census 2016 and 2017","Pinus","strobus","pist",84,1,1.03546168638571,1.14994102608671,0.0291037918701664,6.24117384586327
"census 2016 and 2017","Pinus","virginiana","pivi",3,0,1.01026694045175,0,0,70.3921388519436
"census 2016 and 2017","Platanus","occidentalis","ploc",26,0,1.00573895645764,0,0,13.1571812359987
"census 2016 and 2017","Prunus","avium","prav",41,1,1.02395619438741,2.38264698542264,0.0602878673357288,12.5744067584561
"census 2016 and 2017","Prunus","serotina","prse",11,0,0.974674880219028,0,0,29.1117998127869
"census 2016 and 2017","Quercus","alba","qual",385,4,1.03404001884495,1.004931464725,0.2744578942943,2.55291149546041
"census 2016 and 2017","Quercus","coccinea","quco",1,0,1.03764544832307,0,0,97.1419999114626
"census 2016 and 2017","Quercus","falcata","qufa",1,0,1.06228610540726,0,0,96.8963322234379
"census 2016 and 2017","Quercus","michauxii","qumi",2,0,1.04859685147159,0,0,82.7776085105795
"census 2016 and 2017","Quercus","muehlenbergii","qumu",1,0,1.03764544832307,0,0,97.1419999114626
"census 2016 and 2017","Quercus","prinus","qupr",219,9,1.02533137058186,4.01012325744194,1.84970653306258,7.4757523151796
"census 2016 and 2017","Quercus","rubra","quru",349,8,1.02675680393184,2.23320038189525,0.968916355687688,4.35272157328372
"census 2016 and 2017","Quercus","velutina","quve",269,10,1.02267378100756,3.63656910218071,1.75733094311398,6.58594513484475
"census 2016 and 2017","Robinia","pseudoacacia","rops",3,1,0.987451517225645,33.6759585055558,0.851009748735088,90.8488286404363
"census 2016 and 2017","Sassafras","albidum","saal",47,0,0.982072902558725,0,0,7.68093600237114
"census 2016 and 2017","Tilia","americana","tiam",127,0,1.03350633532205,0,0,2.77133517091773
"census 2016 and 2017","Ulmus","americana","ulam",9,0,0.988059928511674,0,0,33.9546512592436
"census 2016 and 2017","Ulmus","rubra","ulru",97,10,1.00563799685288,10.2545511228404,5.02791020400972,18.0509597332501
"census 2016 and 2017","Viburnum","prunifolium","vipr",12,0,1.01483002509697,0,0,26.1337671761686
"census 2017 and 2018","All","All",NA,7532,150,0.947733410414923,2.10017114902752,1.78029900250384,2.45993397596644
"census 2017 and 2018","Acer","All",NA,194,4,0.956144993190655,2.1553993140307,0.590394220949031,5.42644519624885
"census 2017 and 2018","Ailanthus","All",NA,4,0,0.99315537303217,0,0,60.4883893686961
"census 2017 and 2018","Amelanchier","All",NA,17,0,0.972581229617103,0,0,19.9973414259845
"census 2017 and 2018","Asimina","All",NA,5,0,0.975770020533881,0,0,53.0504273869148
"census 2017 and 2018","Carpinus","All",NA,231,7,0.942662174695029,3.21163138048141,1.30098203651767,6.50491944441031
"census 2017 and 2018","Carya","All",NA,1833,16,0.944095491694775,0.924334221307832,0.529242196815971,1.49673088834844
"census 2017 and 2018","Castanea","All",NA,1,0,0.928131416837782,0,0,98.1211734408296
"census 2017 and 2018","Celtis","All",NA,33,0,0.937838342355796,0,0,11.2363965309607
"census 2017 and 2018","Cercis","All",NA,101,4,0.957055048420653,4.13438262474416,1.13805486177815,10.2482159045146
"census 2017 and 2018","Cornus","All",NA,17,0,0.968071828320651,0,0,20.0804430908904
"census 2017 and 2018","Diospyros","All",NA,2,0,0.937713894592745,0,0,86.011765558462
"census 2017 and 2018","Fagus","All",NA,306,1,0.951385254078816,0.343467664692998,0.00869619711419967,1.89872175456628
"census 2017 and 2018","Fraxinus","All",NA,392,53,0.953002556258643,14.137699801391,10.7736665136658,18.0807960784427
"census 2017 and 2018","Hamamelis","All",NA,7,1,0.961767869365405,14.8093472024393,0.375354345762968,59.2954103711988
"census 2017 and 2018","Juglans","All",NA,119,3,0.962596126746386,2.61767469334475,0.543205553216486,7.45952721043265
"census 2017 and 2018","Liriodendron","All",NA,2147,16,0.938922070126488,0.793510840556444,0.454227443420441,1.28542097415391
"census 2017 and 2018","Nyssa","All",NA,475,5,0.961961779834054,1.09402658999873,0.356170213547757,2.53451039272982
"census 2017 and 2018","Paulownia","All",NA,2,0,0.945927446954141,0,0,85.770805977135
"census 2017 and 2018","Pinus","All",NA,87,0,1.01190335701417,0,0,4.10363771228536
"census 2017 and 2018","Platanus","All",NA,26,0,0.978676354446375,0,0,13.4952876522639
"census 2017 and 2018","Prunus","All",NA,51,2,0.968125511669418,4.04803334786522,0.494214349138711,13.8695280004636
"census 2017 and 2018","Quercus","All",NA,1197,29,0.9542359206252,2.53742809026724,1.70582747490498,3.62395212486351
"census 2017 and 2018","Robinia","All",NA,3,0,0.993839835728953,0,0,70.9818339461888
"census 2017 and 2018","Sassafras","All",NA,47,0,0.962500182037951,0,0,7.83084986272303
"census 2017 and 2018","Tilia","All",NA,127,1,0.910734207505376,0.864244472822251,0.0218868469320843,4.72118827963089
"census 2017 and 2018","Ulmus","All",NA,96,8,0.947296372347707,8.77601480054769,3.86654894876477,16.5610883075793
"census 2017 and 2018","Viburnum","All",NA,12,0,0.977640885238421,0,0,26.9800254043257
"census 2017 and 2018","Acer","negundo","acne",6,0,0.983801049509468,0,0,46.4704612737341
"census 2017 and 2018","Acer","platanoides","acpl",7,0,0.964505720152537,0,0,42.0955531360141
"census 2017 and 2018","Acer","rubrum","acru",181,4,0.954904874811395,2.31309257444411,0.633838391659569,5.81626013087513
"census 2017 and 2018","Ailanthus","altissima","aial",4,0,0.99315537303217,0,0,60.4883893686961
"census 2017 and 2018","Amelanchier","arborea","amar",17,0,0.972581229617103,0,0,19.9973414259845
"census 2017 and 2018","Asimina","triloba","astr",5,0,0.975770020533881,0,0,53.0504273869148
"census 2017 and 2018","Carpinus","caroliniana","caca",231,7,0.942662174695029,3.21163138048141,1.30098203651767,6.50491944441031
"census 2017 and 2018","Carya","cordiformis","caco",203,1,0.967917918424185,0.508897033287303,0.0128843808754553,2.80262777335325
"census 2017 and 2018","Castanea","dentata","cade",1,0,0.928131416837782,0,0,98.1211734408296
"census 2017 and 2018","Carya","glabra","cagl",736,8,0.951027438026367,1.14260770075918,0.494569501871778,2.23892315606976
"census 2017 and 2018","Carya","ovalis","caovl",298,3,0.929362530950117,1.08281217049558,0.223889748964512,3.13164453463043
"census 2017 and 2018","Carya","tomentosa","cato",596,4,0.934787701721263,0.717792389288341,0.195921976873881,1.82756221492382
"census 2017 and 2018","Cercis","canadensis","ceca",101,4,0.957055048420653,4.13438262474416,1.13805486177815,10.2482159045146
"census 2017 and 2018","Celtis","occidentalis","ceoc",33,0,0.937838342355796,0,0,11.2363965309607
"census 2017 and 2018","Cornus","alternifolia","coal",1,0,0.958247775496235,0,0,97.8711945852854
"census 2017 and 2018","Cornus","florida","cofl",16,0,0.968685831622177,0,0,21.1803605120355
"census 2017 and 2018","Diospyros","virginiana","divi",2,0,0.937713894592745,0,0,86.011765558462
"census 2017 and 2018","Fagus","grandifolia","fagr",306,1,0.951385254078816,0.343467664692998,0.00869619711419967,1.89872175456628
"census 2017 and 2018","Fraxinus","americana","fram",356,42,0.952687477408886,12.3459370226255,9.04537962752735,16.3195239051599
"census 2017 and 2018","Fraxinus","nigra","frni",23,10,0.945748891468024,45.298173860459,24.3452010977582,67.5484172870222
"census 2017 and 2018","Fraxinus","pennsylvanica","frpe",13,1,0.974464276312326,7.88572107657659,0.199656253634073,36.7742819564218
"census 2017 and 2018","Hamamelis","virginiana","havi",7,1,0.961767869365405,14.8093472024393,0.375354345762968,59.2954103711988
"census 2017 and 2018","Juglans","cinerea","juci",2,0,0.944558521560575,0,0,85.8109595651112
"census 2017 and 2018","Juglans","nigra","juni",117,3,0.962904461877768,2.66155750768077,0.552369330856162,7.58136879747494
"census 2017 and 2018","Liriodendron","tulipifera","litu",2147,16,0.938922070126488,0.793510840556444,0.454227443420441,1.28542097415391
"census 2017 and 2018","Nyssa","sylvatica","nysy",475,5,0.961961779834054,1.09402658999873,0.356170213547757,2.53451039272982
"census 2017 and 2018","Paulownia","tomentosa","pato",2,0,0.945927446954141,0,0,85.770805977135
"census 2017 and 2018","Pinus","pungens","pipu",1,0,1.02943189596167,0,0,97.2219274352725
"census 2017 and 2018","Pinus","strobus","pist",83,0,1.01099263584111,0,0,4.30087996425562
"census 2017 and 2018","Pinus","virginiana","pivi",3,0,1.03125712981976,0,0,69.6494890206758
"census 2017 and 2018","Platanus","occidentalis","ploc",26,0,0.978676354446375,0,0,13.4952876522639
"census 2017 and 2018","Prunus","avium","prav",40,2,0.96933607118412,5.15402291017072,0.630643429556366,17.4054226842151
"census 2017 and 2018","Prunus","serotina","prse",11,0,0.9637234770705,0,0,29.3884204311367
"census 2017 and 2018","Quercus","alba","qual",381,10,0.972210095914602,2.69867478081898,1.30159249346103,4.90683578629274
"census 2017 and 2018","Quercus","coccinea","quco",1,0,1.01574264202601,0,0,97.3529034657701
"census 2017 and 2018","Quercus","falcata","qufa",1,0,1.01848049281314,0,0,97.3269342236297
"census 2017 and 2018","Quercus","michauxii","qumi",2,1,0.952772073921971,51.6887517418674,1.31985182601528,98.987367681101
"census 2017 and 2018","Quercus","muehlenbergii","qumu",1,0,1.01574264202601,0,0,97.3529034657701
"census 2017 and 2018","Quercus","prinus","qupr",210,6,0.93243375378899,3.06097747963012,1.13164628947147,6.54303754254617
"census 2017 and 2018","Quercus","rubra","quru",341,4,0.948027001150138,1.23692885699536,0.338049374460903,3.13657333629103
"census 2017 and 2018","Quercus","velutina","quve",260,8,0.952940557047333,3.22639459310263,1.40315982610717,6.2580327502459
"census 2017 and 2018","Robinia","pseudoacacia","rops",3,0,0.993839835728953,0,0,70.9818339461888
"census 2017 and 2018","Sassafras","albidum","saal",47,0,0.962500182037951,0,0,7.83084986272303
"census 2017 and 2018","Tilia","americana","tiam",127,1,0.910734207505376,0.864244472822251,0.0218868469320843,4.72118827963089
"census 2017 and 2018","Ulmus","americana","ulam",9,2,0.943037493345502,23.3939882879682,2.9819424964209,62.1631140943183
"census 2017 and 2018","Ulmus","rubra","ulru",87,6,0.94773694603759,7.26271437397992,2.71275286230885,15.1398755104072
"census 2017 and 2018","Viburnum","prunifolium","vipr",12,0,0.977640885238421,0,0,26.9800254043257
